[{"id":1,"title":"Archer","released_year":2009,"genre":"Animation"},{"id":2,"title":"Arrested Development","released_year":2003,"genre":"Comedy"},{"id":3,"title":"Bob's Burgers","released_year":2011,"genre":"Animation"},{"id":4,"title":"Bojack Horseman","released_year":2014,"genre":"Animation"},{"id":5,"title":"Breaking Bad","released_year":2008,"genre":"Drama"},{"id":6,"title":"Curb Your Enthusiasm","released_year":2000,"genre":"Comedy"},{"id":7,"title":"Fargo","released_year":2014,"genre":"Drama"},{"id":8,"title":"Freaks and Geeks","released_year":1999,"genre":"Comedy"},{"id":9,"title":"General Hospital","released_year":1963,"genre":"Drama"},{"id":10,"title":"Halt and Catch Fire","released_year":2014,"genre":"Drama"},{"id":11,"title":"Malcolm In The Middle","released_year":2000,"genre":"Comedy"},{"id":12,"title":"Pushing Daisies","released_year":2007,"genre":"Comedy"},{"id":13,"title":"Seinfeld","released_year":1989,"genre":"Comedy"},{"id":14,"title":"Stranger Things","released_year":2016,"genre":"Drama"}]